fixed acidity,volatile acidity,citric acid,residual sugar,chlorides,free sulfur dioxide,total sulfur dioxide,density,pH,sulphates,alcohol,quality
8.2,0.28,0.4,2.4,0.052000000000000005,4.0,10.0,0.99356,3.33,0.7,12.8,7
7.4,0.53,0.12,1.9,0.165,4.0,12.0,0.99702,3.26,0.86,9.2,5
7.6,0.48,0.31,2.8,0.07,4.0,15.0,0.9969299999999999,3.22,0.55,10.3,6
7.3,0.49,0.1,2.6,0.068,4.0,14.0,0.9956200000000001,3.3,0.47,10.5,5
12.9,0.5,0.55,2.8,0.07200000000000001,7.0,24.0,1.0001200000000001,3.09,0.68,10.9,6
10.8,0.45,0.33,2.5,0.099,20.0,38.0,0.99818,3.24,0.71,10.8,5
6.9,0.39,0.24,2.1,0.102,4.0,7.0,0.9946200000000001,3.44,0.58,11.4,4
